{"cameraMode":{"drawMode":0,"name":"Shaded","section":"Shading Mode"},"sceneLighting":true,"audioPlay":false,"sceneViewState":{"m_AlwaysRefresh":false,"showFog":true,"showSkybox":true,"showFlares":true,"showImageEffects":true,"showParticleSystems":true,"showVisualEffectGraphs":true,"m_FxEnabled":true},"in2DMode":false,"pivot":{"x":-0.5713234543800354,"y":0.043950557708740237,"z":-0.20556282997131349},"rotation":{"x":-0.2782933712005615,"y":0.17228053510189057,"z":-0.05081242695450783,"w":-0.9435540437698364},"size":5.445191860198975,"orthographic":false}